chdrcoy,chdrnum,occdate,cltsex01,cltsex02,anb_at_ccd,ownid,ownname,lifeid,lifname,crtable,zpeng,cnttype,risk_cess_dat,prem_cess_dat,statcode,pstatcode,obilchnl,billchnl,obilfreq,billfreq,oldprem,newprem,znfopt,zdivopt,fupcode,ptdate,btdate,campaign,prcnt,wvarcom,ttmprcno,agentid,agntname,bossid,agency_no,agency_name,area_comp,hprrcvdt,propuser,huwdcdte,uwuser,hissdte,issuuser,signdat,signcdte,signuser,cfidate,cfiuser,wddate,wduser,srcebus,user_profile,job_name,datime,hpropdte,hoissdte,agntnum,orpflag,aplflg,fut_statcode,oagntnum,oagentid,oagntname,obossid,agency_no_old,fmlyreln,cownnum,lifcnum,nfomtd,portntm,procflg,validflag,camcde,branch,applnum,appldate,effdate,caldate,approval,origamt,appltype,mmflg,rnaddate,stdflag,appluser,dateup01,dateup02,dateup03,dateup04,dateup05,tsalesunt,cltdob01,cltdob02,dtecrt,aprvdate,fbillchnl,udp_date,udp_time
D,08824948,20210425,M,M,48,d9c5799a9f2c14a0c70ac0b467e1bc73df580ad3d4799d84fc421b0e088ace05,5baad68539b2f155bc8d7c8d2f5710503a73d5721dffa16d5898281d6ffdf30f,8de2ec98f872990ef8807e309c9eebf16cf62e3b37088c112b681cb51cb3cf3b,568c4d635cc4085f3178ddc44c7b19d195445c0fb747f2d31f799a14ee87f330,USBD,USBD      ,4US,20720425,20220425,CF,CF,N ,N ,00,00,100000.00,100000.00,   ,    ,NNN,20210425,20220425,      ,0.00,EB,TY4532368      ,a66c31160dfd96d68723623e49b67f30274a5e19ade94a0723c167b358eee219,c52b0bdd54ef94a394cfb199a1308df6f980d07526bd40cc1e5b651c6aebe787,        ,K$$$$,南京客服                                ,S1 ,20210425,OLNSBMBCH ,20210425,OLNSBMBCH ,20210425,          ,0,0,          ,20210510,CHN0016524,0,          ,EB,CHN0010644,L2ITFDLYL ,2021-05-12 01:36:13.470565,20210425,20210425,30010053,N,N,  ,30010053,a66c31160dfd96d68723623e49b67f30274a5e19ade94a0723c167b358eee219,c52b0bdd54ef94a394cfb199a1308df6f980d07526bd40cc1e5b651c6aebe787,        ,K$$$$,1,55604667,55604667,          ,20210425,S,1,9928,10,6691341,20210425,20210425,20210425,S,0.00,4,N,0,Y,UW001     ,0,0,0,0,20210425,$0001,19720710,0,20210425,20210425,C ,20210511,2021-05-12 07:53:40.501547
F,08828389,20210427,M,M,40,1606e9b8e2fcf3fa971035aa694d6c82bfd56c26e994fd9bd7ee6c21382c8380,c6f32b015a2dff3a47165c934d565fd37853b050698af8a94c8e89573c65b7c6,dfcf9aa93e6d79800309208826c9ad97d5aed84a1af570a5f2fa1c940577ac97,2ca04f80cda92fb2ed72284aa265bbd8d408f4733f60a6793d885626e5a34116,USBD,USBD      ,4US,20800427,20220427,CF,CF,N ,N ,00,00,20000.00,20000.00,   ,    ,NNN,20210427,20220427,      ,0.00,EB,08828389       ,a66c31160dfd96d68723623e49b67f30274a5e19ade94a0723c167b358eee219,c52b0bdd54ef94a394cfb199a1308df6f980d07526bd40cc1e5b651c6aebe787,        ,W$$$$,无锡客服                                ,U  ,20210427,OLNSBMBCH ,20210427,OLNSBMBCH ,20210427,          ,0,0,          ,20210508,CHN0012331,0,          ,EB,CHN0010644,L2ITFDLYL ,2021-05-12 01:36:57.470565,20210427,20210427,30010058,N,N,  ,30010058,a66c31160dfd96d68723623e49b67f30274a5e19ade94a0723c167b358eee219,c52b0bdd54ef94a394cfb199a1308df6f980d07526bd40cc1e5b651c6aebe787,        ,W$$$$,1,55606441,55606441,          ,20210427,S,1,9912,10,6694676,20210427,20210427,20210427,S,0.00,4,N,0,Y,UW001     ,0,0,0,0,20210427,$0001,19800902,0,20210427,20210427,A ,20210511,2021-05-12 07:53:40.501547
N,08825790,20210426,F,F,38,8274905c9d64f84f298bde5d0df14211915b87b488ad53f21e7336cabca8ac91,9a3b346107b00239badae0c289294da0ec8a6c0e31166a834d30467066c7fa07,061536288c9f4602b3e3aa2aeee2a6bdc19db66ea1a46571a338d4fa261f9bd2,45f4df361b22cef4338325e54b4a220024f593dd1ef51a1df998526945a1da7d,USBD,USBD      ,4US,20820426,20220426,CF,CF,N ,N ,00,00,150000.00,150000.00,   ,    ,NNN,20210426,20220426,      ,0.00,EB,TY4533034      ,a66c31160dfd96d68723623e49b67f30274a5e19ade94a0723c167b358eee219,c52b0bdd54ef94a394cfb199a1308df6f980d07526bd40cc1e5b651c6aebe787,        ,4$$$$,宁波客服                                ,4  ,20210426,OLNSBMBCH ,20210426,OLNSBMBCH ,20210426,          ,0,0,          ,20210510,ESERVICEBO,0,          ,EB,CHN0010644,L2ITFDLYL ,2021-05-12 01:38:44.470565,20210426,20210426,30010082,N,N,  ,30010082,a66c31160dfd96d68723623e49b67f30274a5e19ade94a0723c167b358eee219,c52b0bdd54ef94a394cfb199a1308df6f980d07526bd40cc1e5b651c6aebe787,        ,4$$$$,1,55605085,55605085,          ,20210426,S,1,9928,10,6692157,20210426,20210426,20210426,S,0.00,4,N,0,Y,UW001     ,0,0,0,0,20210426,$0001,19821101,0,20210426,20210426,C ,20210511,2021-05-12 07:53:40.501547
P,08831864,20210429,M,M,55,039f57936b81762f4c669e1e66849e99bb49c879d9cf6fa6756b745a2c51884d,96c22e555fe29368efb9d827495e60a67d035aa4fbfbd612b001e519f2fa3a99,d1b0fa1df6b81e087892a21dbdb2b4681c23bd4dabcf551eb61d5d0c2b726f0d,9b02d70b1a44561a244cb31a3b5906b02473f4e9b19c7c9a46e5565edd4fcfbd,USBD,USBD      ,4US,20650429,20220429,CF,CF,N ,N ,00,00,50000.00,50000.00,   ,    ,NNN,20210429,20220429,      ,0.00,EB,TY4537225      ,a66c31160dfd96d68723623e49b67f30274a5e19ade94a0723c167b358eee219,c52b0bdd54ef94a394cfb199a1308df6f980d07526bd40cc1e5b651c6aebe787,        ,60024,天津客服                                ,6  ,20210429,OLNSBMBCH ,20210429,OLNSBMBCH ,20210429,          ,0,0,          ,20210510,ESERVICEBO,0,          ,EB,CHN0010644,L2ITFDLYL ,2021-05-12 01:39:00.470565,20210429,20210429,30010087,N,N,  ,30010087,a66c31160dfd96d68723623e49b67f30274a5e19ade94a0723c167b358eee219,c52b0bdd54ef94a394cfb199a1308df6f980d07526bd40cc1e5b651c6aebe787,        ,60024,1,55598368,55598368,          ,20210429,S,1,9928,10,6698023,20210429,20210429,20210429,S,0.00,4,N,0,Y,UW001     ,0,0,0,0,20210429,$0001,19650612,0,20210429,20210429,C ,20210511,2021-05-12 07:53:40.501547
P,08831986,20210429,F,F,56,8c8d9721c3430c92185bff89084e84427f6a04be5b42ade35d0460daef3118ae,f25406d4aed4937b525cf7a1122188eeef290bdbc021180881913dcd67daabcf,10c222d2796ea03ecbb1a6d24a78ed7c49ed43bfa18dc09df2b8a2bd45939f62,26be93fca33bc021790d1ac91aaa617e5e654954f7485acb4fc080e6530e1e7a,USBD,USBD      ,4US,20640429,20220429,CF,CF,N ,N ,00,00,30000.00,30000.00,   ,    ,NNN,20210429,20220429,      ,0.00,EB,TY4537313      ,a66c31160dfd96d68723623e49b67f30274a5e19ade94a0723c167b358eee219,c52b0bdd54ef94a394cfb199a1308df6f980d07526bd40cc1e5b651c6aebe787,        ,60024,天津客服                                ,6  ,20210429,OLNSBMBCH ,20210429,OLNSBMBCH ,20210429,          ,0,0,          ,20210510,ESERVICEBO,0,          ,EB,CHN0010644,L2ITFDLYL ,2021-05-12 01:39:00.470565,20210429,20210429,30010087,N,N,  ,30010087,a66c31160dfd96d68723623e49b67f30274a5e19ade94a0723c167b358eee219,c52b0bdd54ef94a394cfb199a1308df6f980d07526bd40cc1e5b651c6aebe787,        ,60024,1,55598386,55598386,          ,20210429,S,1,9928,10,6698133,20210429,20210429,20210429,S,0.00,4,N,0,Y,UW001     ,0,0,0,0,20210429,$0001,19650308,0,20210429,20210429,C ,20210511,2021-05-12 07:53:40.501547
P,08832078,20210429,M,M,28,9783090bcc75220e46128ad904ae9c94139b22ba16ae5347ceb05ec4925ee50d,88cb61ec9d06511371957cd8b207feda43a2cf4cbe2b6ad2c537c14679210275,b3258fbd02f75df5088f914d9f892d897ea67ea1cfdc98f504e065966952a10e,e37c96807ee82dccd9f60a117c9c4d97984fc1608a44886b136e44998500c212,USBD,USBD      ,4US,20920429,20220429,CF,CF,N ,N ,00,00,10.00,10.00,   ,    ,NNN,20210429,20220429,      ,0.00,EB,TY4537403      ,a66c31160dfd96d68723623e49b67f30274a5e19ade94a0723c167b358eee219,c52b0bdd54ef94a394cfb199a1308df6f980d07526bd40cc1e5b651c6aebe787,        ,60024,天津客服                                ,6  ,20210429,OLNSBMBCH ,20210429,OLNSBMBCH ,20210429,          ,0,0,          ,20210508,CHN0018437,0,          ,EB,CHN0010644,L2ITFDLYL ,2021-05-12 01:39:00.470565,20210429,20210429,30010087,N,N,  ,30010087,a66c31160dfd96d68723623e49b67f30274a5e19ade94a0723c167b358eee219,c52b0bdd54ef94a394cfb199a1308df6f980d07526bd40cc1e5b651c6aebe787,        ,60024,1,55608427,55608427,          ,20210429,S,1,9928,10,6698226,20210429,20210429,20210429,S,0.00,4,N,0,Y,UW001     ,0,0,0,0,20210429,$0001,19921005,0,20210429,20210429,C ,20210511,2021-05-12 07:53:40.501547
P,08832258,20210429,F,F,31,b86eb815bfb9b50c496e7bc977e2fa31962f14fe0050c196087425e3e32f87cc,e2263ff5e72cc80f5e65fc66bc0dc1d7b294a69b03e64a56da5dc680573a3891,613d2de80282b784ad2dc9e5e3845020e2a28084cab220b8434ea083d1e57a60,a7415184abe92bf73ddc03071a41992e3c97ae5fedf0227c72683b263448c277,USBD,USBD      ,4US,20890429,20220429,CF,CF,N ,N ,00,00,10.00,10.00,   ,    ,NNN,20210429,20220429,      ,0.00,EB,TY4537565      ,a66c31160dfd96d68723623e49b67f30274a5e19ade94a0723c167b358eee219,c52b0bdd54ef94a394cfb199a1308df6f980d07526bd40cc1e5b651c6aebe787,        ,60024,天津客服                                ,6  ,20210429,OLNSBMBCH ,20210429,OLNSBMBCH ,20210429,          ,0,0,          ,20210508,ESERVICEBO,0,          ,EB,CHN0010644,L2ITFDLYL ,2021-05-12 01:39:00.470565,20210429,20210429,30010087,N,N,  ,30010087,a66c31160dfd96d68723623e49b67f30274a5e19ade94a0723c167b358eee219,c52b0bdd54ef94a394cfb199a1308df6f980d07526bd40cc1e5b651c6aebe787,        ,60024,1,55608541,55608541,          ,20210429,S,1,9928,10,6698396,20210429,20210429,20210429,S,0.00,4,N,0,Y,UW001     ,0,0,0,0,20210429,$0001,19900217,0,20210429,20210429,C ,20210511,2021-05-12 07:53:40.501547
2,08831026,20210429,M,M,28,6e513aa36cb75124ba894db56aa60df2f0ef9dc8a20cd56b71720dd248a85c54,29ae3abce902480eeccbd04af78ab03287e836fcd8c1310b152a41825b4b72f3,397dca461d7dc5702b85de31687940d2bb72077ec68a0f6ca01bbdc14c9afcf4,7de606f3b388291b0a39b64f8f512105751f80280d74c55109a1fd0a7b45c83a,USBD,USBD      ,4US,20920429,20220429,CF,CF,N ,N ,00,00,10.00,10.00,   ,    ,NNN,20210429,20220429,      ,0.00,EB,TY4536653      ,a66c31160dfd96d68723623e49b67f30274a5e19ade94a0723c167b358eee219,c52b0bdd54ef94a394cfb199a1308df6f980d07526bd40cc1e5b651c6aebe787,        ,85$$$,芜湖客服                                ,85 ,20210429,OLNSBMBCH ,20210429,OLNSBMBCH ,20210429,          ,0,0,          ,20210508,ESERVICEBO,0,          ,EB,CHN0010644,L2ITFDLYL ,2021-05-12 01:50:41.470565,20210429,20210429,30227128,N,N,  ,30227128,a66c31160dfd96d68723623e49b67f30274a5e19ade94a0723c167b358eee219,c52b0bdd54ef94a394cfb199a1308df6f980d07526bd40cc1e5b651c6aebe787,        ,85$$$,1,55607849,55607849,          ,20210429,S,1,9928,83,6697209,20210429,20210429,20210429,S,0.00,4,N,0,Y,UW001     ,0,0,0,0,20210429,$0001,19930428,0,20210429,20210429,C ,20210511,2021-05-12 07:53:40.501547
2,08832390,20210429,M,M,28,5634b85d6481355b13b60257e764dfde196300051f1207d41d06522c634910e6,f4d4431de86dab881e900a793964a03fbedefb51ada3c9f653edbd29df2eb5c8,2fa5a72196f317152e88e2a13da415f56cf1252d5cebba4ce19d6dda0fe71397,0af43c3e8b8f01b5db7bf59e0bb811e890f3b56faeec5dd58819c54b81bcccd6,USBD,USBD      ,4US,20920429,20220429,CF,CF,N ,N ,00,00,300000.00,300000.00,   ,    ,NNN,20210429,20220429,      ,0.00,EB,TY4537683      ,a66c31160dfd96d68723623e49b67f30274a5e19ade94a0723c167b358eee219,c52b0bdd54ef94a394cfb199a1308df6f980d07526bd40cc1e5b651c6aebe787,        ,A$$$$,广州客服                                ,A1 ,20210429,OLNSBMBCH ,20210429,OLNSBMBCH ,20210429,          ,0,0,          ,20210509,ESERVICEBO,0,          ,EB,CHN0010644,L2ITFDLYL ,2021-05-12 01:50:41.470565,20210429,20210429,30010044,N,N,  ,30010044,a66c31160dfd96d68723623e49b67f30274a5e19ade94a0723c167b358eee219,c52b0bdd54ef94a394cfb199a1308df6f980d07526bd40cc1e5b651c6aebe787,        ,A$$$$,1,55608626,55608626,          ,20210429,S,1,9928,10,6698520,20210429,20210429,20210429,S,0.00,4,N,0,Y,UW001     ,0,0,0,0,20210429,$0001,19920605,0,20210429,20210429,C ,20210511,2021-05-12 07:53:40.501547
2,08833321,20210430,F,F,38,603ca0750c92e4ec09fec1255aba86b332de685070a0754e0ec3f2338faadc97,76eabc456e11aba19f891cf4bf2bad16f27d9d60f144eef9df871b20fac77560,4a367f0f800572f6b47c23f22947b036de574dd75540d816c35bd7c5dfaa13a6,a9c1ff511f1faea377dd304d92ce007b20b0f53eb8673c1591fbd6d619a183f9,USBA,USBA      ,4US,20820430,20220430,CF,CF,N ,N ,00,00,200000.00,200000.00,   ,    ,NNN,20210430,20220430,      ,0.00,AD,YB6699409      ,40dbf18c1b04af0823d0e28bf10d8738cfbfe1a516cfc962e1b9e085ce4e338a,92238ef10f85c32b1c901b9768e3275c249ad519eea4706020113ba07c816f28,90000224,15004,环球王遒                                ,15 ,20210430,OLNSBMBCH ,20210430,OLNSBMBCH ,20210430,          ,0,0,          ,20210510,CHN0016525,0,          ,FC,CHN0010644,L2ITFDLYL ,2021-05-12 01:50:42.470565,20210430,20210430,90000670,N,N,  ,90000670,40dbf18c1b04af0823d0e28bf10d8738cfbfe1a516cfc962e1b9e085ce4e338a,92238ef10f85c32b1c901b9768e3275c249ad519eea4706020113ba07c816f28,90000224,15004,1,55609091,55609091,          ,20210430,S,1,9999,15,6699409,20210430,20210430,20210430,S,0.00,4,N,0,Y,UW001     ,0,0,0,0,20210430,Z0000,19821214,0,20210430,20210430,C ,20210511,2021-05-12 07:53:40.501547
2,08833894,20210430,F,F,23,0766d976881bc065a0a8c84063e5f0dc92df91ddbbee5e3d30eca30f4734e182,6ab952184d1037a00c699e68481eb80c67d1da8c13d89c96cdc3c3782805dc4b,d38bb3dd7f2261dde2778708521122f7e51cdf488dc1e086e696845eb5064ed9,80647abc26c61ec86696d1e0448605b779c94d8daa0b598d1439c49366b0b07a,URB4,URB4      ,2UR,20630430,20310430,CF,CF,D ,D ,12,12,1000.00,1000.00,   ,    ,NNN,20210430,20210530,      ,0.00,AD,YB6699964      ,dfbe8edb53d975f130e7b8f2c74a24a65beada3c5169cee73a18f1ca0e1b648d,dc068f6bf015a6442c21b9a1146f88d8fceaf16c4059bc7afde89a7483b6167b,30026353,7500Z,山西银保                                ,47 ,20210430,OLNSBMBCH ,20210430,OLNSBMBCH ,20210430,          ,0,0,          ,20210510,ESERVICEBO,0,          ,FC,CHN0010644,L2ITFDLYL ,2021-05-12 01:50:42.470565,20210430,20210430,30080302,N,N,  ,30080302,dfbe8edb53d975f130e7b8f2c74a24a65beada3c5169cee73a18f1ca0e1b648d,dc068f6bf015a6442c21b9a1146f88d8fceaf16c4059bc7afde89a7483b6167b,30026353,7500Z,1,55609404,55609404,          ,0,S,1,9999,46,6699964,20210430,20210430,20210430,S,0.00,4,N,0,Y,UW001     ,0,0,0,0,20210430,Z0000,19980224,0,20210430,20210430,C ,20210511,2021-05-12 07:53:40.501547
2,08834050,20210430,M,M,23,08f7ac81ada261497808f5f212b076d195cde9e385703f1e72f7611fa815bfb2,083e832368762db3c3243da308d2dde3cdd7b12789a3ac7e5cd780898ab46787,5b01664e7b208f32ec0978e9a8122bef3164541a1c1307cdadcf85375793ca7b,2639b1ba3e8261d748b4e235cfdd7ec7034a07682644c244793acceb489605fc,USBD,USBD      ,4US,20970430,20220430,CF,CF,N ,N ,00,00,11.00,11.00,   ,    ,NNN,20210430,20220430,      ,0.00,EB,TY4538949      ,a66c31160dfd96d68723623e49b67f30274a5e19ade94a0723c167b358eee219,c52b0bdd54ef94a394cfb199a1308df6f980d07526bd40cc1e5b651c6aebe787,        ,57$$$,信诚客服                                ,57 ,20210430,OLNSBMBCH ,20210430,OLNSBMBCH ,20210430,          ,0,0,          ,20210510,ESERVICEBO,0,          ,EB,CHN0010644,L2ITFDLYL ,2021-05-12 01:50:42.470565,20210430,20210430,30073840,N,N,  ,30073840,a66c31160dfd96d68723623e49b67f30274a5e19ade94a0723c167b358eee219,c52b0bdd54ef94a394cfb199a1308df6f980d07526bd40cc1e5b651c6aebe787,        ,57$$$,1,55609472,55609472,          ,20210430,S,1,9928,54,6700123,20210430,20210430,20210430,S,0.00,4,N,0,Y,UW001     ,0,0,0,0,20210430,$0001,19970607,0,20210430,20210430,C ,20210511,2021-05-12 07:53:40.501547
2,08834421,20210430,M,M,29,72b4f6082c7fc716405011a895bbe14096d18ebbbef5b9ecc86962fe1003fdad,a525df9e4e602b39747c7602e6d90beeda8737e800b504827270f33f04cc0b44,b41decb8d51a35c52468cb1e72d4384d4bb2c1a69c1663a92b520be030ee464a,cee728f11d219e9b1d8183f5b79c9504e3ed6b080a044832b0d7035ab28c573e,URB4,URB4      ,2UR,20570430,20310430,CF,CF,D ,D ,12,12,1000.00,1000.00,   ,    ,NNN,20210430,20210530,      ,0.00,AD,YB6700482      ,dfbe8edb53d975f130e7b8f2c74a24a65beada3c5169cee73a18f1ca0e1b648d,dc068f6bf015a6442c21b9a1146f88d8fceaf16c4059bc7afde89a7483b6167b,30026353,7500Z,山西银保                                ,47 ,20210430,OLNSBMBCH ,20210430,OLNSBMBCH ,20210430,          ,0,0,          ,20210510,CHN0016524,0,          ,FC,CHN0010644,L2ITFDLYL ,2021-05-12 01:50:42.470565,20210430,20210430,30080302,N,N,  ,30080302,dfbe8edb53d975f130e7b8f2c74a24a65beada3c5169cee73a18f1ca0e1b648d,dc068f6bf015a6442c21b9a1146f88d8fceaf16c4059bc7afde89a7483b6167b,30026353,7500Z,1,55609676,55609676,          ,20210508,S,1,9999,46,6700482,20210430,20210430,20210430,S,0.00,4,N,0,Y,UW001     ,0,0,0,0,20210430,Z0000,19920425,0,20210430,20210430,C ,20210511,2021-05-12 07:53:40.501547
2,08838377,20210506,F,F,54,c97016c755a16f2129654d3929d7cfd3972b490f8cf3d166e728db2746b6286f,cbbf1b4af56e465435c66ef908e8197f3a10a67f2a5741979cca6cdfd4d78e75,f08638337c596d3b2d73a9c4fd77a6072a3d7c85c455db33464f1126c2e5ccd4,dd011d5ebaf3f69eaa08107991592618d3e0550e7035ecd94ec7bd7bde2d0ce5,USBD,USBD      ,4US,20660506,20220506,CF,CF,N ,N ,00,00,10000.00,10000.00,   ,    ,NNN,20210506,20220506,      ,0.00,EB,TY4542144      ,a66c31160dfd96d68723623e49b67f30274a5e19ade94a0723c167b358eee219,c52b0bdd54ef94a394cfb199a1308df6f980d07526bd40cc1e5b651c6aebe787,        ,37$$$,玉林营销服务部                          ,236,20210506,OLNSBMBCH ,20210506,OLNSBMBCH ,20210506,          ,0,0,          ,20210510,ESERVICEBO,0,          ,EB,CHN0010644,L2ITFDLYL ,2021-05-12 01:50:43.470565,20210506,20210506,30010063,N,N,  ,30010063,a66c31160dfd96d68723623e49b67f30274a5e19ade94a0723c167b358eee219,c52b0bdd54ef94a394cfb199a1308df6f980d07526bd40cc1e5b651c6aebe787,        ,37$$$,1,55611491,55611491,          ,20210506,S,1,9928,36,6704249,20210506,20210506,20210506,S,0.00,4,N,0,Y,UW001     ,0,0,0,0,20210506,$0001,19660901,0,20210506,20210506,C ,20210511,2021-05-12 07:53:40.501547
3,08816799,20210422,M,M,37,7ee2299819e59a5838a9ce23422834208c76faaad05c46e393a3c382b33e1b7d,d356b42773c0546614cd45a764c011a775c73bf2f3a76e89ab3fdde56bb1fbc9,6ba345cf9da22aaef12bd44e2084c04fdadcb8ce572a614593897e679caffa32,2b30a699428977ecb201bc26b3c61df9596695cce3f803bcf029c32b6791bcb7,USBD,USBD      ,4US,20830422,20220422,CF,CF,N ,N ,00,00,55000.00,55000.00,   ,    ,NNN,20210422,20220422,      ,0.00,EB,08816799       ,a66c31160dfd96d68723623e49b67f30274a5e19ade94a0723c167b358eee219,c52b0bdd54ef94a394cfb199a1308df6f980d07526bd40cc1e5b651c6aebe787,        ,B$$$$,北京客服                                ,C1 ,20210422,OLNSBMBCH ,20210422,OLNSBMBCH ,20210422,          ,0,0,          ,20210508,CHN0016525,0,          ,EB,CHN0010644,L2ITFDLYL ,2021-05-12 01:52:39.470565,20210422,20210422,30010083,N,N,  ,30010083,a66c31160dfd96d68723623e49b67f30274a5e19ade94a0723c167b358eee219,c52b0bdd54ef94a394cfb199a1308df6f980d07526bd40cc1e5b651c6aebe787,        ,B$$$$,1,55601287,55601287,          ,20210422,S,1,9912,10,6683526,20210422,20210422,20210422,S,0.00,4,N,0,Y,UW001     ,0,0,0,0,20210422,$0001,19840203,0,20210422,20210422,A ,20210511,2021-05-12 07:53:40.501547
3,08823566,20210424,M,M,27,a75152ddd0ff7b26b2b9fb98672c29667ccb804666040a20b04d7ef4ca6ce168,599b35a2fd3c1b2d6c39b861b9fd85b1fc07dc8ff18819b298659eef91860b79,0123bd39bfdf3ea434f6e635a00ad2609bd8c4995c4e6f9584aebcab2ce5e064,b02f4bfb5047240b4158c76e91b21f1bdcac0b98f23d1abe09794febfbcf8750,USBD,USBD      ,4US,20930424,20220424,CF,CF,N ,N ,00,00,1000.00,1000.00,   ,    ,NNN,20210424,20220424,      ,0.00,EB,08823566       ,a66c31160dfd96d68723623e49b67f30274a5e19ade94a0723c167b358eee219,c52b0bdd54ef94a394cfb199a1308df6f980d07526bd40cc1e5b651c6aebe787,        ,B$$$$,北京客服                                ,C1 ,20210424,OLNSBMBCH ,20210424,OLNSBMBCH ,20210424,          ,0,0,          ,20210508,CHN0007005,0,          ,EB,CHN0010644,L2ITFDLYL ,2021-05-12 01:52:39.470565,20210424,20210424,30010083,N,N,  ,30010083,a66c31160dfd96d68723623e49b67f30274a5e19ade94a0723c167b358eee219,c52b0bdd54ef94a394cfb199a1308df6f980d07526bd40cc1e5b651c6aebe787,        ,B$$$$,1,55603894,55603894,          ,20210424,S,1,9912,10,6690009,20210424,20210424,20210424,S,0.00,4,N,0,Y,UW001     ,0,0,0,0,20210424,$0001,19940304,0,20210424,20210424,A ,20210511,2021-05-12 07:53:40.501547
3,08828171,20210427,M,M,53,634f65c18425411f98012f96898bb40d87ccf031fc072dc4e44cc36d85a7ef56,ab35ef6b17b95bc08197fb0b0e36086f90074736fe9b5c6733ca2bfb9feec576,70671b9284baae4212615ad344ae2f0f2f46e97b84fe79eddc931620c46943f9,0a7d7f4c89c49d856672a38254f3489d5c8effe4e79ea1a329576a81d50448ef,USBD,USBD      ,4US,20670427,20220427,CF,CF,N ,N ,00,00,10000.00,10000.00,   ,    ,NNN,20210427,20220427,      ,0.00,EB,TY4534716      ,a66c31160dfd96d68723623e49b67f30274a5e19ade94a0723c167b358eee219,c52b0bdd54ef94a394cfb199a1308df6f980d07526bd40cc1e5b651c6aebe787,        ,B$$$$,北京客服                                ,C1 ,20210427,OLNSBMBCH ,20210427,OLNSBMBCH ,20210427,          ,0,0,          ,20210509,ESERVICEBO,0,          ,EB,CHN0010644,L2ITFDLYL ,2021-05-12 01:52:39.470565,20210427,20210427,30010083,N,N,  ,30010083,a66c31160dfd96d68723623e49b67f30274a5e19ade94a0723c167b358eee219,c52b0bdd54ef94a394cfb199a1308df6f980d07526bd40cc1e5b651c6aebe787,        ,B$$$$,1,55606350,55606350,          ,20210427,S,1,9928,10,6694469,20210427,20210427,20210427,S,0.00,4,N,0,Y,UW001     ,0,0,0,0,20210427,$0001,19670904,0,20210427,20210427,C ,20210511,2021-05-12 07:53:40.501547
3,08829867,20210428,F,F,47,3382b940ebb56a2e447e4b104ea7589ea54f95a41030efe98162a4d8cd2a6d99,a82b0b157054ce4d817be0359c38bc5db91f0fa9cfabc69650f96305af4769dc,f6de80c6fa46465044642906c4ee262c709ebf45bd99d9ca1e88fcc388472e91,de03895e9dae5438179784f2306b040fd7658523b62e6916f5677640b4e69824,USBD,USBD      ,4US,20730428,20220428,CF,CF,N ,N ,00,00,200000.00,200000.00,   ,    ,NNN,20210428,20220428,      ,0.00,EB,TY4535767      ,a66c31160dfd96d68723623e49b67f30274a5e19ade94a0723c167b358eee219,c52b0bdd54ef94a394cfb199a1308df6f980d07526bd40cc1e5b651c6aebe787,        ,B$$$$,北京客服                                ,C1 ,20210428,OLNSBMBCH ,20210428,OLNSBMBCH ,20210428,          ,0,0,          ,20210510,ESERVICEBO,0,          ,EB,CHN0010644,L2ITFDLYL ,2021-05-12 01:52:39.470565,20210428,20210428,30010083,N,N,  ,30010083,a66c31160dfd96d68723623e49b67f30274a5e19ade94a0723c167b358eee219,c52b0bdd54ef94a394cfb199a1308df6f980d07526bd40cc1e5b651c6aebe787,        ,B$$$$,1,55607208,55607208,          ,20210428,S,1,9928,10,6696108,20210428,20210428,20210428,S,0.00,4,N,0,Y,UW001     ,0,0,0,0,20210428,$0001,19740424,0,20210428,20210428,C ,20210511,2021-05-12 07:53:40.501547
3,08829986,20210428,M,M,32,3ad3f21013d96145239eaad92681cb261b2f6942639bbb0c3a224cbd0b0f8f28,d4b54499a9891ba32e470844299bb2ca0c4c47f289eaa43366b34f6ee068b77d,39384baa279a9808091b8c87ef56bd2e525833ed29061ea826f472bbd064e2e1,e4e0bdfe09bd8f3f977f77423d13f336ef93b931abe91f49539e6f6784605e36,USBD,USBD      ,4US,20880428,20220428,CF,CF,N ,N ,00,00,101.00,101.00,   ,    ,NNN,20210428,20220428,      ,0.00,EB,TY4535839      ,a66c31160dfd96d68723623e49b67f30274a5e19ade94a0723c167b358eee219,c52b0bdd54ef94a394cfb199a1308df6f980d07526bd40cc1e5b651c6aebe787,        ,B$$$$,北京客服                                ,C1 ,20210428,OLNSBMBCH ,20210428,OLNSBMBCH ,20210428,          ,0,0,          ,20210510,CHN0016525,0,          ,EB,CHN0010644,L2ITFDLYL ,2021-05-12 01:52:39.470565,20210428,20210428,30010083,N,N,  ,30010083,a66c31160dfd96d68723623e49b67f30274a5e19ade94a0723c167b358eee219,c52b0bdd54ef94a394cfb199a1308df6f980d07526bd40cc1e5b651c6aebe787,        ,B$$$$,1,55607264,55607264,          ,20210428,S,1,9928,10,6696220,20210428,20210428,20210428,S,0.00,4,N,0,Y,UW001     ,0,0,0,0,20210428,$0001,19880818,0,20210428,20210428,C ,20210511,2021-05-12 07:53:40.501547
3,08832254,20210429,M,M,29,413a08da0fd9d1ba141752a016547e0b8cb3b6fd8be2bde666ffba7baf2a903a,b8908c02b2237bf800eefcabfff5b1c0d737be2237d8f432928a27b4fd3e76bb,928f0747b7d8692f6f7d04a6aee575f1ccba081a87a9fe708694348869988dc1,8c3316361a09976f6b235f70594a6f2cca16a563a9a6f6650f1dec3736fa84db,USBD,USBD      ,4US,20910429,20220429,CF,CF,N ,N ,00,00,10.00,10.00,   ,    ,NNN,20210429,20220429,      ,0.00,EB,TY4537559      ,a66c31160dfd96d68723623e49b67f30274a5e19ade94a0723c167b358eee219,c52b0bdd54ef94a394cfb199a1308df6f980d07526bd40cc1e5b651c6aebe787,        ,B$$$$,北京客服                                ,C1 ,20210429,OLNSBMBCH ,20210429,OLNSBMBCH ,20210429,          ,0,0,          ,20210509,ESERVICEBO,0,          ,EB,CHN0010644,L2ITFDLYL ,2021-05-12 01:52:39.470565,20210429,20210429,30010083,N,N,  ,30010083,a66c31160dfd96d68723623e49b67f30274a5e19ade94a0723c167b358eee219,c52b0bdd54ef94a394cfb199a1308df6f980d07526bd40cc1e5b651c6aebe787,        ,B$$$$,1,55608537,55608537,          ,20210429,S,1,9928,10,6698392,20210429,20210429,20210429,S,0.00,4,N,0,Y,UW001     ,0,0,0,0,20210429,$0001,19910511,0,20210429,20210429,C ,20210511,2021-05-12 07:53:40.501547
